{"status": true, "objective": 0.0, "regions": {"rec2": {"y1": 21, "x2": 134, "x1": 93, "y2": 154}, "rec3": {"y1": 63, "x2": 77, "x1": 36, "y2": 146}, "rec1": {"y1": 0, "x2": 27, "x1": 8, "y2": 175}}, "metrics": {"relative": {"perimeter": 0.029121863799283155, "Bitstream": 0.23214285714285715, "resources": 0.4459611595834506}, "absolute": {"perimeter": 65.0, "ANDOR": 0.0, "BCost": 104.0, "resources": 12676.0, "BMAX": 448, "ANDORCost": 0.0}}, "time": 9.923}