{"status": true, "objective": 21.346821990598816, "regions": {"rec2": {"y1": 84, "x2": 157, "x1": 69, "y2": 175}, "rec3": {"y1": 42, "x2": 69, "x1": 68, "y2": 62}, "rec1": {"y1": 0, "x2": 157, "x1": 156, "y2": 20}, "rec4": {"y1": 42, "x2": 157, "x1": 156, "y2": 62}, "rec5": {"y1": 0, "x2": 69, "x1": 68, "y2": 20}}, "metrics": {"relative": {"perimeter": 0.015053763440860216, "Bitstream": 0.4330357142857143, "resources": 0.21346821990598813}, "absolute": {"perimeter": 56.0, "ANDOR": 1.0, "BCost": 97.0, "resources": 8356.0, "BMAX": 448, "ANDORCost": 97.0}}, "time": 1.172}