{"status": true, "objective": 0.06417220896583237, "regions": {"rec1": {"y1": 147, "x2": 68, "x1": 65, "y2": 154}}, "metrics": {"relative": {"perimeter": 0.004032258064516129, "Bitstream": 0.008928571428571428, "resources": 0.0008123064426054729}, "absolute": {"perimeter": 3.0, "ANDOR": -0.0, "BCost": 4.0, "resources": 32.0, "BMAX": 448, "ANDORCost": -0.0}}, "time": 0.384}