{"status": true, "objective": 67.86163168096779, "regions": {"rec2": {"y1": 0, "x2": 203, "x1": 194, "y2": 99}, "rec3": {"y1": 35, "x2": 56, "x1": 45, "y2": 44}, "rec1": {"y1": 90, "x2": 177, "x1": 141, "y2": 119}, "rec4": {"y1": 85, "x2": 104, "x1": 63, "y2": 138}, "rec5": {"y1": 25, "x2": 172, "x1": 128, "y2": 34}}, "metrics": {"relative": {"perimeter": 0.013037974683544304, "Bitstream": 0.6517857142857143, "wirelength": 0.0, "resources": 0.013792627840419297}, "absolute": {"perimeter": 103.0, "ANDOR": 1.0, "BCost": 146.0, "ANDORCost": 146.0, "BMAX": 448, "wirelength": 0.0, "resources": 400.0}}, "time": 74.677}