{"status": true, "objective": 0.0, "regions": {"rec2": {"y1": 16, "x2": 166, "x1": 139, "y2": 55}, "rec3": {"y1": 0, "x2": 61, "x1": 13, "y2": 23}, "rec1": {"y1": 24, "x2": 133, "x1": 105, "y2": 63}}, "metrics": {"relative": {"perimeter": 0.02850877192982456, "Bitstream": 0.28804347826086957, "resources": 0.02906574394463668}, "absolute": {"perimeter": 65.0, "ANDOR": 0.0, "BCost": 106.0, "resources": 336.0, "BMAX": 368, "ANDORCost": 0.0}}, "time": 8.174}