{"status": true, "objective": 0.0, "regions": {"rec2": {"y1": 42, "x2": 146, "x1": 115, "y2": 146}, "rec1": {"y1": 21, "x2": 63, "x1": 48, "y2": 146}}, "metrics": {"relative": {"perimeter": 0.019489247311827957, "Bitstream": 0.10714285714285714, "resources": 0.15617011387404137}, "absolute": {"perimeter": 29.0, "ANDOR": 0.0, "BCost": 48.0, "resources": 5376.0, "BMAX": 448, "ANDORCost": 0.0}}, "time": 5.901}