{"status": true, "objective": 0.0, "regions": {"rec2": {"y1": 84, "x2": 124, "x1": 78, "y2": 154}, "rec3": {"y1": 63, "x2": 207, "x1": 158, "y2": 175}, "rec1": {"y1": 42, "x2": 24, "x1": 0, "y2": 175}}, "metrics": {"relative": {"perimeter": 0.03046594982078853, "Bitstream": 0.27232142857142855, "resources": 0.4340346186321419}, "absolute": {"perimeter": 68.0, "ANDOR": 0.0, "BCost": 122.0, "resources": 12337.0, "BMAX": 448, "ANDORCost": 0.0}}, "time": 9.812}