{"status": true, "objective": 0.0, "regions": {"rec1": {"y1": 0, "x2": 157, "x1": 157, "y2": 4}}, "metrics": {"relative": {"perimeter": 0.0012658227848101266, "Bitstream": 0.002232142857142857, "wirelength": 2000000000.0, "resources": 0.0}, "absolute": {"perimeter": 2.0, "ANDOR": 0.0, "BCost": 1.0, "ANDORCost": 0.0, "BMAX": 448, "wirelength": 2000000000.0, "resources": 0.0}}, "time": 3.366}