{"status": true, "objective": 0.6775515382384731, "regions": {"rec2": {"y1": 0, "x2": 157, "x1": 157, "y2": 33}, "rec3": {"y1": 0, "x2": 187, "x1": 187, "y2": 33}, "rec1": {"y1": 0, "x2": 223, "x1": 223, "y2": 33}}, "metrics": {"relative": {"perimeter": 0.003826530612244898, "Bitstream": 0.006696428571428571, "wirelength": -0.0, "resources": 7.908681095615955e-05}, "absolute": {"perimeter": 9.0, "ANDOR": -0.0, "BCost": 3.0, "ANDORCost": -0.0, "BMAX": 448, "wirelength": -0.0, "resources": 3.0}}, "time": 1.359}