{"status": true, "objective": 1.7857142857142858, "regions": {"rec2": {"y1": 34, "x2": 173, "x1": 173, "y2": 84}, "rec1": {"y1": 0, "x2": 163, "x1": 157, "y2": 169}}, "metrics": {"relative": {"perimeter": 0.010841836734693877, "Bitstream": 0.017857142857142856, "resources": 0.002629581435697246}, "absolute": {"perimeter": 17.0, "ANDOR": -0.0, "BCost": 8.0, "resources": 97.0, "BMAX": 448, "ANDORCost": -0.0}}, "time": 1.289}