{"status": true, "objective": 11.160714285714286, "regions": {"rec2": {"y1": 0, "x2": 69, "x1": 68, "y2": 101}, "rec3": {"y1": 17, "x2": 110, "x1": 109, "y2": 131}, "rec1": {"y1": 119, "x2": 69, "x1": 69, "y2": 169}, "rec6": {"y1": 0, "x2": 166, "x1": 157, "y2": 67}, "rec7": {"y1": 17, "x2": 219, "x1": 217, "y2": 169}, "rec4": {"y1": 85, "x2": 157, "x1": 152, "y2": 169}, "rec5": {"y1": 0, "x2": 223, "x1": 223, "y2": 135}}, "metrics": {"relative": {"perimeter": 0.010386297376093295, "Bitstream": 0.11160714285714286, "resources": 0.06247591787306655}, "absolute": {"perimeter": 57.0, "ANDOR": 1.0, "BCost": 25.0, "resources": 2270.0, "BMAX": 448, "ANDORCost": 25.0}}, "time": 4.264}