{"status": true, "objective": 0.0, "regions": {"rec2": {"y1": 0, "x2": 5, "x1": 4, "y2": 17}, "rec1": {"y1": 51, "x2": 119, "x1": 118, "y2": 68}}, "metrics": {"relative": {"perimeter": 0.002564102564102564, "Bitstream": 0.004464285714285714, "wirelength": 2000000000.0, "resources": 0.0006313131313131314}, "absolute": {"perimeter": 4.0, "ANDOR": 0.0, "BCost": 2.0, "ANDORCost": 0.0, "BMAX": 448, "wirelength": 2000000000.0, "resources": 24.0}}, "time": 0.7}