{"status": true, "objective": 0.0, "regions": {"rec1": {"y1": 21, "x2": 59, "x1": 45, "y2": 154}}, "metrics": {"relative": {"perimeter": 0.016129032258064516, "Bitstream": 0.033482142857142856, "resources": 0.05370884993587003}, "absolute": {"perimeter": 12.0, "ANDOR": 0.0, "BCost": 15.0, "resources": 2010.0, "BMAX": 448, "ANDORCost": 0.0}}, "time": 3.058}