{"status": true, "objective": 0.0, "regions": {"rec1": {"y1": 0, "x2": 3, "x1": 3, "y2": 16}}, "metrics": {"relative": {"perimeter": 0.002564102564102564, "Bitstream": 0.002232142857142857, "wirelength": 2000000000.0, "resources": 0.00018413299663299664}, "absolute": {"perimeter": 2.0, "ANDOR": 0.0, "BCost": 1.0, "ANDORCost": 0.0, "BMAX": 448, "wirelength": 2000000000.0, "resources": 7.0}}, "time": 0.482}