{"status": true, "objective": 16.517857142857142, "regions": {"rec2": {"y1": 17, "x2": 73, "x1": 65, "y2": 169}, "rec3": {"y1": 0, "x2": 95, "x1": 75, "y2": 169}, "rec1": {"y1": 0, "x2": 151, "x1": 132, "y2": 169}, "rec4": {"y1": 0, "x2": 41, "x1": 31, "y2": 169}, "rec5": {"y1": 0, "x2": 169, "x1": 157, "y2": 169}}, "metrics": {"relative": {"perimeter": 0.020512820512820513, "Bitstream": 0.16517857142857142, "wirelength": 0.0, "resources": 0.01799140708915145}, "absolute": {"perimeter": 80.0, "ANDOR": -0.0, "BCost": 74.0, "ANDORCost": -0.0, "BMAX": 448, "wirelength": 0.0, "resources": 469.0}}, "time": 15.373}